gaze_x,gaze_y,status,timestamp
467.62,205.6875,1,0.0
466.9,206.10000000000002,1,0.0019999999999527063
466.82,205.35,1,0.004000000000019099
467.18,205.9875,1,0.005999999999971806
466.86,205.35000000000002,1,0.008000000000038199
466.82,206.025,1,0.009999999999990905
466.78,206.025,1,0.011999999999943611
466.9,206.5125,1,0.014000000000010004
466.58000000000004,205.95,1,0.01599999999996271
466.5,205.83749999999998,1,0.018000000000029104
466.34000000000003,206.58749999999998,1,0.01999999999998181
466.26,206.5875,1,0.022000000000048203
466.9,205.575,1,0.02400000000000091
466.86,206.025,1,0.025999999999953616
466.74,206.0625,1,0.02800000000002001
467.1,206.175,1,0.029999999999972715
467.06,206.4375,1,0.03200000000003911
467.1,206.1,1,0.033999999999991815
467.34000000000003,206.4375,1,0.03599999999994452
466.98,206.9625,1,0.038000000000010914
467.26,207.03750000000002,1,0.03999999999996362
467.5,207.075,1,0.04200000000003001
467.5,206.7,1,0.04399999999998272
467.06,206.96249999999998,1,0.04600000000004911
466.70000000000005,206.1375,1,0.04800000000000182
467.1,206.55,1,0.049999999999954525
466.78,206.55,1,0.05200000000002092
466.62,206.7,1,0.053999999999973625
467.14,206.325,1,0.05600000000004002
466.62,206.8875,1,0.057999999999992724
466.34000000000003,206.8875,1,0.05999999999994543
466.62,206.39999999999998,1,0.06200000000001182
466.34000000000003,205.5,1,0.06399999999996453
466.38,206.58749999999998,1,0.06600000000003092
466.5,206.5875,1,0.06799999999998363
466.58,206.175,1,0.07000000000005002
466.41999999999996,206.5875,1,0.07200000000000273
466.62,206.5125,1,0.07399999999995543
466.74,205.6875,1,0.07600000000002183
466.62,205.875,1,0.07799999999997453
466.94,205.95,1,0.08000000000004093
466.65999999999997,205.9875,1,0.08199999999999363
467.06,205.8375,1,0.08399999999994634
466.65999999999997,206.175,1,0.08600000000001273
467.18,206.4,1,0.08799999999996544
466.74,205.9875,1,0.09000000000003183
466.74,205.5375,1,0.09199999999998454
467.05999999999995,205.8375,1,0.09400000000005093
467.26,204.9375,1,0.09600000000000364
467.5,206.1375,1,0.09799999999995634
467.58,205.05,1,0.10000000000002274
467.58,206.2875,1,0.10199999999997544
468.38,206.325,1,0.10400000000004184
467.58000000000004,206.2125,1,0.10599999999999454
468.18,206.02499999999998,1,0.10799999999994725
467.9,205.6875,1,0.11000000000001364
467.82,205.8,1,0.11199999999996635
468.18,205.91250000000002,1,0.11400000000003274
468.02,205.2375,1,0.11599999999998545
468.06,205.575,1,0.11800000000005184
468.22,205.425,1,0.12000000000000455
468.34000000000003,205.125,1,0.12199999999995725
468.5,205.72500000000002,1,0.12400000000002365
468.9,205.91250000000002,1,0.12599999999997635
468.54,205.0875,1,0.12800000000004275
468.53999999999996,205.3875,1,0.12999999999999545
468.54,205.35,1,0.13199999999994816
468.86,205.1625,1,0.13400000000001455
469.22,205.65,1,0.13599999999996726
468.86,205.725,1,0.13800000000003365
469.14,204.97500000000002,1,0.13999999999998636
469.34000000000003,205.875,1,0.14200000000005275
469.14,205.0125,1,0.14400000000000546
469.53999999999996,204.675,1,0.14599999999995816
469.46000000000004,205.3125,1,0.14800000000002456
469.58,205.575,1,0.14999999999997726
469.46000000000004,205.125,1,0.15200000000004366
469.53999999999996,205.7625,1,0.15399999999999636
469.7,205.575,1,0.15599999999994907
469.58000000000004,205.95,1,0.15800000000001546
469.38,205.575,1,0.15999999999996817
469.02,205.72500000000002,1,0.16200000000003456
469.22,205.8375,1,0.16399999999998727
469.58000000000004,205.35,1,0.16600000000005366
469.26,204.9375,1,0.16800000000000637
469.38,205.65,1,0.16999999999995907
469.18,205.575,1,0.17200000000002547
469.38,205.8,1,0.17399999999997817
469.26,205.875,1,0.17600000000004457
468.94,206.1375,1,0.17799999999999727
468.9,206.7375,1,0.17999999999994998
468.65999999999997,207.2625,1,0.18200000000001637
468.34000000000003,207.0375,1,0.18399999999996908
468.18,207.14999999999998,1,0.18600000000003547
468.22,207.45,1,0.18799999999998818
468.41999999999996,207.15,1,0.19000000000005457
468.02,207.3,1,0.19200000000000728
467.78,207.825,1,0.19399999999995998
468.18,207.89999999999998,1,0.19600000000002638
467.58000000000004,207.45,1,0.19799999999997908
468.18,207.2625,1,0.20000000000004547
467.54,207.6375,1,0.20199999999999818
467.58,207.7125,1,0.2039999999999509
467.7,207.5625,1,0.20600000000001728
467.74,207.075,1,0.20799999999997
467.46,207.5625,1,0.21000000000003638
467.54,206.4375,1,0.21199999999998909
467.1,207.9375,1,0.2139999999999418
467.18,207.0,1,0.21600000000000819
467.3,207.0,1,0.2179999999999609
467.22,206.5125,1,0.22000000000002728
467.38,206.775,1,0.22199999999998
467.70000000000005,206.58749999999998,1,0.22400000000004638
467.17999999999995,206.5125,1,0.2259999999999991
467.62,207.075,1,0.2279999999999518
467.62,207.375,1,0.2300000000000182
467.22,206.7375,1,0.2319999999999709
467.62,206.925,1,0.2340000000000373
467.46,206.55,1,0.23599999999999
467.46,206.775,1,0.2379999999999427
467.34000000000003,206.2875,1,0.2400000000000091
467.26,206.625,1,0.2419999999999618
467.26,206.625,1,0.2440000000000282
467.18,207.075,1,0.2459999999999809
467.3,206.7,1,0.2480000000000473
467.18,206.775,1,0.25
467.53999999999996,206.8125,1,0.2519999999999527
467.22,206.55,1,0.2540000000000191
468.14,206.8875,1,0.2559999999999718
467.53999999999996,207.1875,1,0.2580000000000382
467.46000000000004,206.6625,1,0.2599999999999909
467.78,207.4125,1,0.2619999999999436
467.3,207.3,1,0.26400000000001
467.26,206.7,1,0.2659999999999627
467.34000000000003,206.28750000000002,1,0.2680000000000291
467.74,207.1875,1,0.2699999999999818
468.54,207.4875,1,0.2720000000000482
471.34000000000003,206.6625,1,0.2740000000000009
476.26,206.58749999999998,1,0.2759999999999536
482.38,204.97500000000002,1,0.27800000000002
493.06,202.72500000000002,1,0.2799999999999727
504.98,199.35,1,0.2820000000000391
518.9,194.9625,1,0.2839999999999918
535.0999999999999,190.8,1,0.2859999999999445
550.74,184.725,1,0.2880000000000109
565.62,180.6375,1,0.2899999999999636
579.06,174.89999999999998,1,0.29200000000003
591.42,171.6375,1,0.2939999999999827
601.54,168.5625,1,0.2960000000000491
611.06,166.875,1,0.2980000000000018
620.22,165.60000000000002,1,0.2999999999999545
626.9,163.95,1,0.3020000000000209
635.34,163.65,1,0.3039999999999736
642.0999999999999,162.41250000000002,1,0.30600000000004
647.26,162.3,1,0.3079999999999927
652.38,162.7125,1,0.30999999999994543
654.4200000000001,162.675,1,0.3120000000000118
654.5799999999999,163.4625,1,0.31399999999996453
652.7,164.1375,1,0.3160000000000309
650.46,163.9875,1,0.31799999999998363
646.8199999999999,164.6625,1,0.32000000000005
645.34,164.25,1,0.32200000000000273
644.46,164.2125,1,0.32399999999995543
644.4200000000001,164.325,1,0.32600000000002183
644.42,164.325,1,0.32799999999997453
645.58,164.25,1,0.3300000000000409
646.14,163.72500000000002,1,0.33199999999999363
646.3,164.96249999999998,1,0.33399999999994634
647.54,164.7375,1,0.33600000000001273
647.78,164.7375,1,0.33799999999996544
648.1800000000001,164.325,1,0.34000000000003183
648.6600000000001,164.47500000000002,1,0.34199999999998454
648.46,165.2625,1,0.34400000000005093
649.22,164.77499999999998,1,0.34600000000000364
649.5799999999999,165.1125,1,0.34799999999995634
649.46,165.7875,1,0.35000000000002274
649.62,165.375,1,0.35199999999997544
649.62,165.7875,1,0.35400000000004184
649.5799999999999,164.7,1,0.35599999999999454
649.4200000000001,166.7625,1,0.35799999999994725
649.1800000000001,166.425,1,0.36000000000001364
649.26,167.25,1,0.36199999999996635
648.86,166.95,1,0.36400000000003274
648.66,167.025,1,0.36599999999998545
648.3,167.58749999999998,1,0.36800000000005184
648.3399999999999,167.625,1,0.37000000000000455
648.22,168.225,1,0.37199999999995725
647.94,169.05,1,0.37400000000002365
648.38,169.7625,1,0.37599999999997635
648.38,169.875,1,0.37800000000004275
648.46,169.35000000000002,1,0.37999999999999545
648.26,170.55,1,0.38199999999994816
648.62,170.25,1,0.38400000000001455
648.58,170.47500000000002,1,0.38599999999996726
648.4200000000001,170.6625,1,0.38800000000003365
648.8599999999999,170.925,1,0.38999999999998636
648.8199999999999,170.5125,1,0.39200000000005275
648.8599999999999,171.075,1,0.39400000000000546
648.8199999999999,171.0,1,0.39599999999995816
648.78,170.85,1,0.39800000000002456
648.62,170.5875,1,0.39999999999997726
649.3,170.7,1,0.40200000000004366
649.02,170.7,1,0.40399999999999636
649.5799999999999,171.525,1,0.40599999999994907
649.3399999999999,170.4375,1,0.40800000000001546
649.38,170.85,1,0.40999999999996817
649.78,170.4375,1,0.41200000000003456
649.86,170.4375,1,0.41399999999998727
650.22,170.55,1,0.41600000000005366
650.94,170.10000000000002,1,0.41800000000000637
650.6600000000001,169.95,1,0.4199999999999591
650.3,170.0625,1,0.42200000000002547
650.46,169.725,1,0.42399999999997817
650.9000000000001,169.6875,1,0.42600000000004457
650.3,170.325,1,0.42799999999999727
650.5,170.1,1,0.42999999999995
650.54,169.0125,1,0.43200000000001637
650.7,169.9125,1,0.4339999999999691
651.3,169.425,1,0.43600000000003547
650.94,169.9875,1,0.4379999999999882
651.02,169.7625,1,0.44000000000005457
651.4200000000001,169.53750000000002,1,0.4420000000000073
651.06,170.2125,1,0.44399999999996
651.1800000000001,170.25,1,0.4460000000000264
651.22,169.6875,1,0.4479999999999791
651.5799999999999,169.9125,1,0.4500000000000455
651.4200000000001,170.4,1,0.4519999999999982
651.3,170.1375,1,0.4539999999999509
651.74,170.5125,1,0.4560000000000173
651.22,170.7,1,0.45799999999997
651.6600000000001,170.4375,1,0.4600000000000364
651.78,171.225,1,0.4619999999999891
652.26,170.6625,1,0.4639999999999418
651.5799999999999,170.8125,1,0.4660000000000082
652.02,170.55,1,0.4679999999999609
651.38,171.14999999999998,1,0.4700000000000273
651.8599999999999,170.7375,1,0.47199999999998
651.5,171.3,1,0.4740000000000464
651.9000000000001,171.1875,1,0.4759999999999991
652.02,171.15,1,0.4779999999999518
651.8199999999999,171.675,1,0.4800000000000182
651.9000000000001,171.1875,1,0.4819999999999709
652.1800000000001,171.89999999999998,1,0.4840000000000373
651.1800000000001,171.825,1,0.48599999999999
651.86,171.5625,1,0.4879999999999427
651.86,171.4875,1,0.4900000000000091
651.54,171.1125,1,0.4919999999999618
651.86,171.5625,1,0.4940000000000282
652.06,170.58749999999998,1,0.4959999999999809
652.5,170.775,1,0.4980000000000473
652.1,171.1125,1,0.5
652.5,171.3,1,0.5019999999999527
652.34,171.375,1,0.5040000000000191
652.3,171.14999999999998,1,0.5059999999999718
652.06,170.8125,1,0.5080000000000382
652.26,171.45,1,0.5099999999999909
652.1,171.71249999999998,1,0.5119999999999436
652.1,170.9625,1,0.51400000000001
652.22,170.8875,1,0.5159999999999627
651.98,171.1125,1,0.5180000000000291
652.26,170.8875,1,0.5199999999999818
652.1800000000001,170.25,1,0.5220000000000482
651.66,170.3625,1,0.5240000000000009
651.66,171.0375,1,0.5259999999999536
651.38,170.7375,1,0.52800000000002
651.3,171.0,1,0.5299999999999727
651.42,170.28750000000002,1,0.5320000000000391
651.54,169.875,1,0.5339999999999918
651.78,169.875,1,0.5359999999999445
651.62,170.2125,1,0.5380000000000109
651.6199999999999,170.5875,1,0.5399999999999636
651.4200000000001,170.4375,1,0.54200000000003
651.3,170.4375,1,0.5439999999999827
651.0999999999999,170.8875,1,0.5460000000000491
651.06,170.9625,1,0.5480000000000018
651.5,171.0,1,0.5499999999999545
651.5,171.525,1,0.5520000000000209
651.26,171.0,1,0.5539999999999736
651.1800000000001,171.1125,1,0.55600000000004
651.4200000000001,171.7125,1,0.5579999999999927
651.4200000000001,171.6375,1,0.5599999999999454
651.3,171.75,1,0.5620000000000118
650.8199999999999,171.97500000000002,1,0.5639999999999645
651.22,172.1625,1,0.5660000000000309
651.0999999999999,171.52499999999998,1,0.5679999999999836
651.1,172.425,1,0.57000000000005
651.1,172.3125,1,0.5720000000000027
650.7,172.05,1,0.5739999999999554
650.74,172.725,1,0.5760000000000218
651.3399999999999,172.5,1,0.5779999999999745
651.02,172.575,1,0.5800000000000409
651.5,172.6125,1,0.5819999999999936
651.34,172.575,1,0.5839999999999463
651.14,172.875,1,0.5860000000000127
651.34,172.6125,1,0.5879999999999654
651.58,172.91250000000002,1,0.5900000000000318
651.3,172.275,1,0.5919999999999845
651.06,172.4625,1,0.5940000000000509
651.38,172.72500000000002,1,0.5960000000000036
650.62,172.8,1,0.5979999999999563
651.06,173.025,1,0.6000000000000227
651.26,173.025,1,0.6019999999999754
651.62,172.9875,1,0.6040000000000418
651.8199999999999,173.5125,1,0.6059999999999945
651.8199999999999,173.8125,1,0.6079999999999472
651.86,173.625,1,0.6100000000000136
651.9000000000001,173.25,1,0.6119999999999663
652.1,173.7,1,0.6140000000000327
651.74,173.5875,1,0.6159999999999854
651.78,173.55,1,0.6180000000000518
652.06,174.5625,1,0.6200000000000045
652.38,174.2625,1,0.6219999999999573
652.3,173.925,1,0.6240000000000236
651.98,175.35,1,0.6259999999999764
651.98,174.225,1,0.6280000000000427
652.46,174.3375,1,0.6299999999999955
652.62,175.2,1,0.6319999999999482
652.74,174.9375,1,0.6340000000000146
652.9000000000001,174.5625,1,0.6359999999999673
652.38,175.35,1,0.6380000000000337
652.8199999999999,175.64999999999998,1,0.6399999999999864
652.34,176.55,1,0.6420000000000528
652.46,176.5875,1,0.6440000000000055
652.58,177.4125,1,0.6459999999999582
651.54,179.7,1,0.6480000000000246
647.94,181.875,1,0.6499999999999773
642.8199999999999,186.45,1,0.6520000000000437
636.02,196.1625,1,0.6539999999999964
625.26,206.9625,1,0.6559999999999491
613.06,220.3125,1,0.6580000000000155
601.78,236.925,1,0.6599999999999682
591.3399999999999,253.5,1,0.6620000000000346
581.0999999999999,266.8125,1,0.6639999999999873
573.58,278.475,1,0.6660000000000537
565.26,289.4625,1,0.6680000000000064
559.62,297.6375,1,0.6699999999999591
553.74,304.0875,1,0.6720000000000255
547.46,310.5,1,0.6739999999999782
543.9,318.5625,1,0.6760000000000446
538.74,325.6125,1,0.6779999999999973
536.98,330.9375,1,0.67999999999995
536.42,334.95,1,0.6820000000000164
536.4200000000001,338.0625,1,0.6839999999999691
538.74,340.35,1,0.6860000000000355
541.0600000000001,338.25,1,0.6879999999999882
541.5799999999999,335.1,1,0.6900000000000546
542.1,333.75,1,0.6920000000000073
542.62,332.7375,1,0.69399999999996
542.26,332.4,1,0.6960000000000264
541.5,333.3375,1,0.6979999999999791
540.78,333.82500000000005,1,0.7000000000000455
539.7,336.45,1,0.7019999999999982
538.54,338.54999999999995,1,0.7039999999999509
537.62,340.1625,1,0.7060000000000173
537.1800000000001,340.95,1,0.70799999999997
536.46,341.6625,1,0.7100000000000364
536.1,342.75,1,0.7119999999999891
535.86,342.26250000000005,1,0.7139999999999418
534.94,342.4875,1,0.7160000000000082
535.02,343.125,1,0.7179999999999609
534.7,342.07500000000005,1,0.7200000000000273
534.38,342.67499999999995,1,0.72199999999998
534.46,342.7125,1,0.7240000000000464
534.74,342.6,1,0.7259999999999991
534.5,343.125,1,0.7279999999999518
534.98,343.2375,1,0.7300000000000182
534.98,343.01250000000005,1,0.7319999999999709
535.46,343.38750000000005,1,0.7340000000000373
534.86,343.61249999999995,1,0.73599999999999
535.42,343.38750000000005,1,0.7379999999999427
535.3,343.0125,1,0.7400000000000091
535.38,343.5,1,0.7419999999999618
535.34,343.1625,1,0.7440000000000282
535.3399999999999,343.4625,1,0.7459999999999809
535.5,342.5625,1,0.7480000000000473
535.1800000000001,342.975,1,0.75
535.18,343.04999999999995,1,0.7519999999999527
535.14,343.0875,1,0.7540000000000191
534.98,342.75,1,0.7559999999999718
535.1,343.65,1,0.7580000000000382
534.46,342.975,1,0.7599999999999909
534.74,343.575,1,0.7619999999999436
534.5799999999999,343.65,1,0.76400000000001
534.46,343.275,1,0.7659999999999627
534.5799999999999,343.3125,1,0.7680000000000291
534.38,343.6125,1,0.7699999999999818
534.18,343.1625,1,0.7720000000000482
533.94,344.13750000000005,1,0.7740000000000009
534.14,343.61249999999995,1,0.7759999999999536
534.42,343.65,1,0.77800000000002
534.02,343.6875,1,0.7799999999999727
533.82,344.25,1,0.7820000000000391
533.78,343.725,1,0.7839999999999918
533.98,343.95,1,0.7859999999999445
533.74,343.9125,1,0.7880000000000109
533.3399999999999,344.625,1,0.7899999999999636
533.7,343.61249999999995,1,0.79200000000003
533.38,344.1,1,0.7939999999999827
533.62,343.575,1,0.7960000000000491
533.5,343.725,1,0.7980000000000018
533.9399999999999,343.01250000000005,1,0.7999999999999545
533.74,343.61249999999995,1,0.8020000000000209
533.62,342.975,1,0.8039999999999736
533.7,343.1625,1,0.80600000000004
533.54,343.95,1,0.8079999999999927
533.18,343.35,1,0.8099999999999454
533.38,343.3125,1,0.8120000000000118
533.66,344.0625,1,0.8139999999999645
533.6999999999999,343.38750000000005,1,0.8160000000000309
533.5,343.6125,1,0.8179999999999836
534.1,343.42499999999995,1,0.82000000000005
533.6600000000001,342.63750000000005,1,0.8220000000000027
533.86,343.42499999999995,1,0.8239999999999554
533.6600000000001,343.875,1,0.8260000000000218
533.86,343.23749999999995,1,0.8279999999999745
533.78,343.2375,1,0.8300000000000409
533.94,343.8,1,0.8319999999999936
533.38,344.0625,1,0.8339999999999463
533.38,343.57500000000005,1,0.8360000000000127
533.46,343.65,1,0.8379999999999654
533.62,343.125,1,0.8400000000000318
533.26,344.325,1,0.8419999999999845
533.1,344.0625,1,0.8440000000000509
533.38,343.425,1,0.8460000000000036
532.98,344.475,1,0.8479999999999563
533.46,344.3625,1,0.8500000000000227
533.1800000000001,343.95,1,0.8519999999999754
533.46,343.98749999999995,1,0.8540000000000418
533.26,343.425,1,0.8559999999999945
533.4200000000001,343.7625,1,0.8579999999999472
533.3,344.6625,1,0.8600000000000136
533.38,343.8,1,0.8619999999999663
533.6600000000001,344.5125,1,0.8640000000000327
533.1800000000001,344.25,1,0.8659999999999854
532.98,344.0625,1,0.8680000000000518
533.42,344.92499999999995,1,0.8700000000000045
533.3399999999999,345.0375,1,0.8719999999999573
532.98,343.875,1,0.8740000000000236
533.5,344.3625,1,0.8759999999999764
533.38,344.1,1,0.8780000000000427
532.9,344.325,1,0.8799999999999955
532.9,344.6625,1,0.8819999999999482
532.7,344.8125,1,0.8840000000000146
532.98,345.525,1,0.8859999999999673
532.82,345.0,1,0.8880000000000337
533.02,344.5875,1,0.8899999999999864
533.1800000000001,344.2875,1,0.8920000000000528
533.38,344.4,1,0.8940000000000055
533.14,345.0375,1,0.8959999999999582
532.46,344.925,1,0.8980000000000246
533.02,343.6125,1,0.8999999999999773
533.14,344.2875,1,0.9020000000000437
532.78,345.26250000000005,1,0.9039999999999964
532.54,344.8875,1,0.9059999999999491
531.7,345.07500000000005,1,0.9080000000000155
528.42,346.5375,1,0.9099999999999682
523.38,345.45,1,0.9120000000000346
513.9,343.76250000000005,1,0.9139999999999873
505.22,343.0125,1,0.9160000000000537
494.42,341.17499999999995,1,0.9180000000000064
483.46,338.175,1,0.9199999999999591
473.34000000000003,336.9,1,0.9220000000000255
464.65999999999997,334.20000000000005,1,0.9239999999999782
458.41999999999996,332.5875,1,0.9260000000000446
453.14,331.20000000000005,1,0.9279999999999973
449.62,329.85,1,0.92999999999995
447.9,330.6,1,0.9320000000000164
446.58,330.075,1,0.9339999999999691
446.94,328.4625,1,0.9360000000000355
447.74,328.6875,1,0.9379999999999882
448.5,327.525,1,0.9400000000000546
450.02,328.23749999999995,1,0.9420000000000073
450.74,328.5,1,0.94399999999996
451.58000000000004,328.6125,1,0.9460000000000264
452.06,329.5125,1,0.9479999999999791
452.62,329.25,1,0.9500000000000455
452.5,330.11249999999995,1,0.9519999999999982
452.5,330.1125,1,0.9539999999999509
451.58,330.675,1,0.9560000000000173
451.26,330.4875,1,0.95799999999997
450.62,330.1125,1,0.9600000000000364
449.82000000000005,330.3,1,0.9619999999999891
448.86,330.975,1,0.9639999999999418
448.53999999999996,330.1125,1,0.9660000000000082
448.46,330.45000000000005,1,0.9679999999999609
448.3,329.8125,1,0.9700000000000273
447.98,329.325,1,0.97199999999998
447.82,329.775,1,0.9740000000000464
448.14,329.5875,1,0.9759999999999991
448.14,330.5625,1,0.9779999999999518
447.7,329.025,1,0.9800000000000182
448.29999999999995,329.625,1,0.9819999999999709
447.53999999999996,330.11249999999995,1,0.9840000000000373
447.98,329.5875,1,0.98599999999999
448.38,329.175,1,0.9879999999999427
448.06,329.475,1,0.9900000000000091
448.26,329.775,1,0.9919999999999618
448.14,329.32500000000005,1,0.9940000000000282
448.34000000000003,328.425,1,0.9959999999999809
448.38,329.325,1,0.9980000000000473
448.42,329.475,1,1.0
448.29999999999995,328.7625,1,1.0019999999999527
448.26,329.4,1,1.004000000000019
448.29999999999995,328.4625,1,1.0059999999999718
448.18,328.01250000000005,1,1.0080000000000382
448.18,328.4625,1,1.009999999999991
448.5,328.01250000000005,1,1.0119999999999436
448.41999999999996,327.975,1,1.01400000000001
448.38,327.8625,1,1.0159999999999627
448.86,327.86249999999995,1,1.018000000000029
448.58000000000004,327.6,1,1.0199999999999818
448.74,328.575,1,1.0220000000000482
448.38,327.9,1,1.024000000000001
448.46000000000004,327.29999999999995,1,1.0259999999999536
448.1,328.3125,1,1.02800000000002
448.3,327.45000000000005,1,1.0299999999999727
448.46000000000004,327.3375,1,1.032000000000039
448.82,327.8625,1,1.0339999999999918
448.1,327.1125,1,1.0359999999999445
448.41999999999996,327.45000000000005,1,1.038000000000011
448.62,327.3375,1,1.0399999999999636
448.22,328.4625,1,1.04200000000003
448.26,327.9,1,1.0439999999999827
448.53999999999996,327.825,1,1.0460000000000491
448.14,327.48749999999995,1,1.0480000000000018
448.18,327.6,1,1.0499999999999545
448.74,327.3375,1,1.052000000000021
448.34000000000003,327.7125,1,1.0539999999999736
447.98,327.525,1,1.05600000000004
447.82,326.025,1,1.0579999999999927
446.86,321.375,1,1.0599999999999454
445.86,317.7,1,1.0620000000000118
445.62,312.29999999999995,1,1.0639999999999645
444.9,307.57500000000005,1,1.066000000000031
443.41999999999996,302.25,1,1.0679999999999836
443.74,295.275,1,1.07000000000005
444.26,290.7375,1,1.0720000000000027
444.9,289.5375,1,1.0739999999999554
445.62,288.4125,1,1.0760000000000218
446.17999999999995,289.6875,1,1.0779999999999745
446.5,290.0625,1,1.080000000000041
445.86,292.1625,1,1.0819999999999936
445.7,293.7,1,1.0839999999999463
445.46,294.75,1,1.0860000000000127
445.1,296.32500000000005,1,1.0879999999999654
444.74,297.6,1,1.0900000000000318
445.34000000000003,297.11249999999995,1,1.0919999999999845
444.94,298.42499999999995,1,1.094000000000051
445.3,298.38750000000005,1,1.0960000000000036
445.1,297.75,1,1.0979999999999563
445.34,298.79999999999995,1,1.1000000000000227
444.98,298.6875,1,1.1019999999999754
445.06,297.0375,1,1.1040000000000418
444.98,296.8875,1,1.1059999999999945
444.62,296.925,1,1.1079999999999472
445.14,296.5875,1,1.1100000000000136
445.18,296.1,1,1.1119999999999663
444.86,295.95,1,1.1140000000000327
444.82000000000005,295.2375,1,1.1159999999999854
445.34000000000003,295.2,1,1.1180000000000518
444.74,294.0,1,1.1200000000000045
445.34000000000003,294.45000000000005,1,1.1219999999999573
445.54,293.4,1,1.1240000000000236
445.38,293.51250000000005,1,1.1259999999999764
445.41999999999996,293.1,1,1.1280000000000427
445.65999999999997,292.9125,1,1.1299999999999955
445.22,293.0625,1,1.1319999999999482
445.14,293.175,1,1.1340000000000146
445.42,292.875,1,1.1359999999999673
445.06,293.175,1,1.1380000000000337
445.34000000000003,292.875,1,1.1399999999999864
445.38,292.76250000000005,1,1.1420000000000528
445.46000000000004,291.7875,1,1.1440000000000055
445.26,292.3875,1,1.1459999999999582
444.94,292.2,1,1.1480000000000246
445.34000000000003,292.3875,1,1.1499999999999773
445.22,292.425,1,1.1520000000000437
445.54,291.63750000000005,1,1.1539999999999964
445.41999999999996,291.6,1,1.155999999999949
445.5,291.375,1,1.1580000000000155
445.42,291.67499999999995,1,1.1599999999999682
445.82,291.6,1,1.1620000000000346
445.65999999999997,291.67499999999995,1,1.1639999999999873
445.5,292.3875,1,1.1660000000000537
445.29999999999995,291.7125,1,1.1680000000000064
445.5,291.82500000000005,1,1.169999999999959
445.38,291.9,1,1.1720000000000255
445.26,292.98749999999995,1,1.1739999999999782
445.18,292.5375,1,1.1760000000000446
445.22,292.4625,1,1.1779999999999973
445.41999999999996,292.9875,1,1.17999999999995
445.65999999999997,291.825,1,1.1820000000000164
445.82000000000005,293.5125,1,1.183999999999969
445.42,292.8,1,1.1860000000000355
445.7,292.23749999999995,1,1.1879999999999882
445.58,293.51250000000005,1,1.1900000000000546
445.7,293.2125,1,1.1920000000000073
445.98,293.2125,1,1.19399999999996
445.78,293.25,1,1.1960000000000264
445.5,294.3375,1,1.197999999999979
445.9,292.5375,1,1.2000000000000455
446.29999999999995,292.425,1,1.2019999999999982
446.22,292.4625,1,1.2039999999999509
446.22,292.3125,1,1.2060000000000173
446.74,291.675,1,1.20799999999997
446.41999999999996,292.04999999999995,1,1.2100000000000364
446.70000000000005,291.225,1,1.211999999999989
447.18,291.225,1,1.2139999999999418
447.14,291.5625,1,1.2160000000000082
446.9,291.225,1,1.217999999999961
447.26,291.0375,1,1.2200000000000273
446.86,291.11249999999995,1,1.22199999999998
447.1,290.1,1,1.2240000000000464
446.82,290.175,1,1.225999999999999
446.41999999999996,289.6875,1,1.2279999999999518
446.86,290.25,1,1.2300000000000182
446.58,289.9125,1,1.231999999999971
447.22,289.35,1,1.2340000000000373
446.34000000000003,290.2125,1,1.23599999999999
446.78,289.05,1,1.2379999999999427
446.62,289.3875,1,1.240000000000009
446.62,290.2875,1,1.2419999999999618
446.29999999999995,289.875,1,1.2440000000000282
446.26,289.76250000000005,1,1.245999999999981
446.62,289.5,1,1.2480000000000473
446.3,289.35,1,1.25
446.3,289.9125,1,1.2519999999999527
445.82000000000005,290.1375,1,1.254000000000019
446.1,290.0625,1,1.2559999999999718
445.98,289.9875,1,1.2580000000000382
446.18,289.275,1,1.259999999999991
446.02,289.3875,1,1.2619999999999436
445.9,289.2,1,1.26400000000001
446.3,289.0875,1,1.2659999999999627
446.34000000000003,288.975,1,1.268000000000029
446.26,289.2375,1,1.2699999999999818
446.29999999999995,288.6,1,1.2720000000000482
445.94,288.4875,1,1.274000000000001
446.22,288.675,1,1.2759999999999536
446.18,288.6375,1,1.27800000000002
446.34000000000003,288.525,1,1.2799999999999727
446.9,287.775,1,1.282000000000039
446.54,287.775,1,1.2839999999999918
446.78,287.92499999999995,1,1.2859999999999445
446.74,287.7,1,1.288000000000011
446.98,287.55,1,1.2899999999999636
446.66,287.7375,1,1.29200000000003
447.14,288.0375,1,1.2939999999999827
446.9,287.2125,1,1.2960000000000491
446.78,288.07500000000005,1,1.2980000000000018
447.29999999999995,287.4,1,1.2999999999999545
446.78,287.625,1,1.302000000000021
446.86,287.775,1,1.3039999999999736
446.82000000000005,288.3,1,1.30600000000004
446.74,287.775,1,1.3079999999999927
446.78,288.1875,1,1.3099999999999454
446.34,288.0,1,1.3120000000000118
446.3,288.0,1,1.3139999999999645
446.9,288.45000000000005,1,1.316000000000031
446.58000000000004,289.04999999999995,1,1.3179999999999836
446.5,288.1875,1,1.32000000000005
446.86,288.525,1,1.3220000000000027
446.06,288.525,1,1.3239999999999554
446.46,288.6375,1,1.3260000000000218
445.98,289.3125,1,1.3279999999999745
446.58,289.0875,1,1.330000000000041
446.22,289.3125,1,1.3319999999999936
446.53999999999996,289.1625,1,1.3339999999999463
446.58000000000004,288.9,1,1.3360000000000127
446.74,288.975,1,1.3379999999999654
446.86,288.4125,1,1.3400000000000318
446.78,288.7125,1,1.3419999999999845
447.02,289.65,1,1.344000000000051
447.02,289.95,1,1.3460000000000036
447.46000000000004,289.3125,1,1.3479999999999563
446.78,289.725,1,1.3500000000000227
447.46000000000004,288.82500000000005,1,1.3519999999999754
447.22,289.23749999999995,1,1.3540000000000418
447.1,289.0875,1,1.3559999999999945
447.18,289.35,1,1.3579999999999472
447.26,289.5,1,1.3600000000000136
447.06,289.875,1,1.3619999999999663
447.1,289.65,1,1.3640000000000327
447.5,289.875,1,1.3659999999999854
447.18,289.9125,1,1.3680000000000518
447.22,289.95000000000005,1,1.3700000000000045
447.3,289.4625,1,1.3719999999999573
447.34,289.9875,1,1.3740000000000236
446.98,289.98749999999995,1,1.3759999999999764
447.58000000000004,289.275,1,1.3780000000000427
447.5,289.1625,1,1.3799999999999955
447.9,289.725,1,1.3819999999999482
447.9,289.2,1,1.3840000000000146
448.06,289.0125,1,1.3859999999999673
447.58000000000004,289.2375,1,1.3880000000000337
447.82,289.23749999999995,1,1.3899999999999864
447.94,288.525,1,1.3920000000000528
448.26,288.45000000000005,1,1.3940000000000055
447.9,288.3375,1,1.3959999999999582
447.86,288.525,1,1.3980000000000246
447.78,287.9625,1,1.3999999999999773
447.74,287.32500000000005,1,1.4020000000000437
448.02,288.45000000000005,1,1.4039999999999964
448.02,288.07500000000005,1,1.405999999999949
447.98,287.775,1,1.4080000000000155
447.78,288.075,1,1.4099999999999682
448.1,287.175,1,1.4120000000000346
447.53999999999996,288.11249999999995,1,1.4139999999999873
447.5,288.0375,1,1.4160000000000537
447.41999999999996,287.54999999999995,1,1.4180000000000064
447.3,287.25,1,1.419999999999959
447.26,287.70000000000005,1,1.4220000000000255
447.22,286.9125,1,1.4239999999999782
447.29999999999995,286.95,1,1.4260000000000446
447.38,287.2125,1,1.4279999999999973
446.65999999999997,287.2875,1,1.42999999999995
446.9,287.2875,1,1.4320000000000164
446.86,287.4375,1,1.433999999999969
447.14,287.32500000000005,1,1.4360000000000355
446.82,287.775,1,1.4379999999999882
447.26,287.175,1,1.4400000000000546
447.18,287.775,1,1.4420000000000073
447.14,287.85,1,1.44399999999996
447.14,288.3375,1,1.4460000000000264
447.14,287.25,1,1.447999999999979
447.38,288.225,1,1.4500000000000455
447.02,287.8875,1,1.4519999999999982
447.14,288.2625,1,1.4539999999999509
447.46,287.8875,1,1.4560000000000173
447.14,287.25,1,1.45799999999997
447.34000000000003,288.0,1,1.4600000000000364
447.46000000000004,287.2125,1,1.461999999999989
446.62,287.88750000000005,1,1.4639999999999418
447.1,287.4,1,1.4660000000000082
447.26,287.475,1,1.467999999999961
446.94,287.775,1,1.4700000000000273
447.06,286.9125,1,1.47199999999998
446.65999999999997,287.92499999999995,1,1.4740000000000464
446.9,287.925,1,1.475999999999999
446.86,287.51250000000005,1,1.4779999999999518
446.9,286.61249999999995,1,1.4800000000000182
446.7,287.4,1,1.481999999999971
446.74,286.9875,1,1.4840000000000373
446.9,287.25,1,1.48599999999999
446.82,287.625,1,1.4879999999999427
446.94,287.5875,1,1.490000000000009
446.94,288.11249999999995,1,1.4919999999999618
446.65999999999997,288.07500000000005,1,1.4940000000000282
446.7,287.4375,1,1.495999999999981
446.94,287.55,1,1.4980000000000473
446.78,288.11249999999995,1,1.5
446.65999999999997,287.2125,1,1.5019999999999527
446.65999999999997,288.67499999999995,1,1.504000000000019
446.38,288.2625,1,1.5059999999999718
446.62,287.88750000000005,1,1.5080000000000382
446.58,287.625,1,1.509999999999991
446.7,288.1875,1,1.5119999999999436
446.65999999999997,288.2625,1,1.51400000000001
446.65999999999997,287.5875,1,1.5159999999999627
446.65999999999997,287.55,1,1.518000000000029
446.65999999999997,287.25,1,1.5199999999999818
446.82,288.15,1,1.5220000000000482
446.62,287.6625,1,1.524000000000001
446.74,287.3625,1,1.5259999999999536
446.74,286.875,1,1.52800000000002
446.94,287.2875,1,1.5299999999999727
446.62,287.73749999999995,1,1.532000000000039
446.58000000000004,287.7375,1,1.5339999999999918
447.18,286.575,1,1.5359999999999445
447.14,286.9125,1,1.538000000000011
447.02,286.1625,1,1.5399999999999636
447.02,286.575,1,1.54200000000003
447.70000000000005,287.1,1,1.5439999999999827
446.98,286.95,1,1.5460000000000491
446.98,286.875,1,1.5480000000000018
447.1,287.36249999999995,1,1.5499999999999545
446.82,287.3625,1,1.552000000000021
446.86,287.1,1,1.5539999999999736
447.18,287.0625,1,1.55600000000004
447.54,287.6625,1,1.5579999999999927
448.1,286.6875,1,1.5599999999999454
449.62,286.5,1,1.5620000000000118
452.02,285.8625,1,1.5639999999999645
453.74,285.15,1,1.566000000000031
455.29999999999995,285.375,1,1.5679999999999836
456.46,283.725,1,1.57000000000005
456.62,283.38750000000005,1,1.5720000000000027
456.65999999999997,283.1625,1,1.5739999999999554
455.74,281.85,1,1.5760000000000218
455.26,282.48749999999995,1,1.5779999999999745
454.26,282.45,1,1.580000000000041
453.38,283.125,1,1.5819999999999936
453.18,282.75,1,1.5839999999999463
453.5,282.15,1,1.5860000000000127
453.14,282.9375,1,1.5879999999999654
453.58000000000004,282.675,1,1.5900000000000318
453.86,283.2,1,1.5919999999999845
453.53999999999996,283.1625,1,1.594000000000051
453.14,282.7875,1,1.5960000000000036
453.41999999999996,282.9375,1,1.5979999999999563
453.22,282.525,1,1.6000000000000227
453.46000000000004,283.05,1,1.6019999999999754
453.58000000000004,282.3375,1,1.6040000000000418
453.5,282.26250000000005,1,1.6059999999999945
453.46000000000004,282.07500000000005,1,1.6079999999999472
453.74,282.5625,1,1.6100000000000136
453.38,282.9375,1,1.6119999999999663
453.1,282.975,1,1.6140000000000327
453.74,282.7875,1,1.6159999999999854
453.38,283.4625,1,1.6180000000000518
453.46000000000004,283.20000000000005,1,1.6200000000000045
453.02,284.1,1,1.6219999999999573
453.14,282.675,1,1.6240000000000236
453.74,283.425,1,1.6259999999999764
453.22,284.0625,1,1.6280000000000427
453.1,283.5,1,1.6299999999999955
452.74,283.5,1,1.6319999999999482
452.70000000000005,283.2,1,1.6340000000000146
452.42,284.475,1,1.6359999999999673
452.7,283.9125,1,1.6380000000000337
452.22,284.17499999999995,1,1.6399999999999864
452.5,284.25,1,1.6420000000000528
452.58,283.65,1,1.6440000000000055
452.29999999999995,284.2125,1,1.6459999999999582
452.65999999999997,284.625,1,1.6480000000000246
452.18,284.475,1,1.6499999999999773
452.3,284.36249999999995,1,1.6520000000000437
451.98,284.2125,1,1.6539999999999964
452.62,283.575,1,1.655999999999949
451.86,283.575,1,1.6580000000000155
452.02,284.4,1,1.6599999999999682
452.9,284.0625,1,1.6620000000000346
451.98,284.25,1,1.6639999999999873
453.14,283.5375,1,1.6660000000000537
452.22,284.25,1,1.6680000000000064
452.34000000000003,284.5875,1,1.669999999999959
452.5,283.95,1,1.6720000000000255
452.58000000000004,284.625,1,1.6739999999999782
452.86,283.5375,1,1.6760000000000446
452.46000000000004,284.6625,1,1.6779999999999973
452.82,283.95,1,1.67999999999995
453.14,285.1125,1,1.6820000000000164
452.70000000000005,283.95,1,1.683999999999969
452.82,284.7375,1,1.6860000000000355
452.9,283.9125,1,1.6879999999999882
452.98,284.2125,1,1.6900000000000546
453.02,284.025,1,1.6920000000000073
453.06,283.95000000000005,1,1.69399999999996
453.14,283.9875,1,1.6960000000000264
452.65999999999997,283.875,1,1.697999999999979
453.46,283.875,1,1.7000000000000455
453.38,284.5875,1,1.7019999999999982
453.26,284.17499999999995,1,1.7039999999999509
453.58,284.1,1,1.7060000000000173
453.14,283.6125,1,1.70799999999997
453.26,283.875,1,1.7100000000000364
453.46000000000004,283.5,1,1.711999999999989
453.65999999999997,284.4,1,1.7139999999999418
453.38,284.36249999999995,1,1.7160000000000082
453.82,284.6625,1,1.717999999999961
453.82,284.2875,1,1.7200000000000273
453.74,284.475,1,1.72199999999998
453.5,284.6625,1,1.7240000000000464
453.65999999999997,284.4,1,1.725999999999999
454.14,284.2875,1,1.7279999999999518
454.06,284.25,1,1.7300000000000182
453.98,284.0625,1,1.731999999999971
453.98,284.475,1,1.7340000000000373
453.5,284.625,1,1.73599999999999
453.7,284.85,1,1.7379999999999427
454.22,284.17499999999995,1,1.740000000000009
453.94,284.73749999999995,1,1.7419999999999618
453.78,284.4,1,1.7440000000000282
453.5,284.6625,1,1.745999999999981
453.22,283.95000000000005,1,1.7480000000000473
453.65999999999997,284.2125,1,1.75
453.78,283.95,1,1.7519999999999527
453.06,283.8375,1,1.754000000000019
453.82,283.275,1,1.7559999999999718
453.94,283.35,1,1.7580000000000382
453.82,283.575,1,1.759999999999991
453.5,283.5375,1,1.7619999999999436
453.5,283.275,1,1.76400000000001
452.9,283.575,1,1.7659999999999627
453.53999999999996,283.3875,1,1.768000000000029
453.7,283.57500000000005,1,1.7699999999999818
453.38,283.0875,1,1.7720000000000482
453.06,283.725,1,1.774000000000001
453.38,283.8375,1,1.7759999999999536
452.98,283.725,1,1.77800000000002
453.02,283.8375,1,1.7799999999999727
452.74,283.8375,1,1.782000000000039
453.46000000000004,284.4,1,1.7839999999999918
452.82,283.76250000000005,1,1.7859999999999445
453.34000000000003,284.1,1,1.788000000000011
453.29999999999995,283.9125,1,1.7899999999999636
453.1,283.35,1,1.79200000000003
453.29999999999995,283.95,1,1.7939999999999827
453.22,283.61249999999995,1,1.7960000000000491
453.02,283.8,1,1.7980000000000018
453.29999999999995,283.575,1,1.7999999999999545
453.02,283.6875,1,1.802000000000021
452.9,284.1,1,1.8039999999999736
453.46000000000004,283.5375,1,1.80600000000004
453.62,283.5375,1,1.8079999999999927
453.26,284.25,1,1.8099999999999454
453.41999999999996,283.6875,1,1.8120000000000118
453.58000000000004,283.425,1,1.8139999999999645
453.02,283.3875,1,1.816000000000031
453.7,283.3875,1,1.8179999999999836
453.46000000000004,283.2,1,1.82000000000005
453.62,283.275,1,1.8220000000000027
453.58000000000004,283.275,1,1.8239999999999554
453.1,283.275,1,1.8260000000000218
453.94,283.3125,1,1.8279999999999745
453.34000000000003,284.3625,1,1.830000000000041
452.78,283.0875,1,1.8319999999999936
453.62,283.2375,1,1.8339999999999463
453.18,283.0875,1,1.8360000000000127
453.53999999999996,283.125,1,1.8379999999999654
453.18,283.6125,1,1.8400000000000318
452.98,283.1625,1,1.8419999999999845
452.66,283.125,1,1.844000000000051
453.06,283.35,1,1.8460000000000036
452.78,283.6125,1,1.8479999999999563
452.74,283.65,1,1.8500000000000227
453.06,283.4625,1,1.8519999999999754
453.22,283.5375,1,1.8540000000000418
453.18,283.0875,1,1.8559999999999945
453.06,284.025,1,1.8579999999999472
453.58,283.98749999999995,1,1.8600000000000136
452.9,283.35,1,1.8619999999999663
453.06,283.95,1,1.8640000000000327
453.02,283.6125,1,1.8659999999999854
453.5,283.9875,1,1.8680000000000518
453.06,284.4375,1,1.8700000000000045
453.58000000000004,283.79999999999995,1,1.8719999999999573
453.65999999999997,284.55,1,1.8740000000000236
453.38,283.9875,1,1.8759999999999764
453.82000000000005,284.1,1,1.8780000000000427
454.26,283.425,1,1.8799999999999955
453.9,283.95,1,1.8819999999999482
453.86,283.875,1,1.8840000000000146
454.34000000000003,284.3625,1,1.8859999999999673
453.74,283.5375,1,1.8880000000000337
454.06,283.6125,1,1.8899999999999864
453.82000000000005,283.8,1,1.8920000000000528
453.9,283.875,1,1.8940000000000055
453.86,283.57500000000005,1,1.8959999999999582
454.38,283.2375,1,1.8980000000000246
453.74,283.2,1,1.8999999999999773
454.1,283.275,1,1.9020000000000437
454.22,282.7875,1,1.9039999999999964
454.02,283.5,1,1.905999999999949
454.54,282.7875,1,1.9080000000000155
454.34000000000003,282.5625,1,1.9099999999999682
453.9,283.125,1,1.9120000000000346
454.06,282.675,1,1.9139999999999873
454.06,283.2375,1,1.9160000000000537
453.82,282.86249999999995,1,1.9180000000000064
453.9,282.675,1,1.919999999999959
454.14,282.375,1,1.9220000000000255
453.98,282.525,1,1.9239999999999782
453.5,283.1625,1,1.9260000000000446
453.86,282.82500000000005,1,1.9279999999999973
454.1,283.3125,1,1.92999999999995
453.7,283.65,1,1.9320000000000164
453.7,284.0625,1,1.933999999999969
453.78,283.20000000000005,1,1.9360000000000355
453.86,283.65,1,1.9379999999999882
453.38,285.0375,1,1.9400000000000546
453.46,284.0625,1,1.9420000000000073
453.86,284.7,1,1.94399999999996
453.78,284.7,1,1.9460000000000264
453.86,284.625,1,1.947999999999979
453.70000000000005,285.225,1,1.9500000000000455
453.7,285.11249999999995,1,1.9519999999999982
454.1,285.11249999999995,1,1.9539999999999509
454.54,285.7875,1,1.9560000000000173
454.06,285.7125,1,1.95799999999997
454.18,285.0,1,1.9600000000000364
454.26,286.125,1,1.961999999999989
454.5,285.2625,1,1.9639999999999418
454.62,285.67499999999995,1,1.9660000000000082
454.34000000000003,285.8625,1,1.967999999999961
454.5,286.01250000000005,1,1.9700000000000273
454.18,285.29999999999995,1,1.97199999999998
454.9,285.5625,1,1.9740000000000464
454.98,285.0375,1,1.975999999999999
454.46000000000004,285.8625,1,1.9779999999999518
454.86,284.85,1,1.9800000000000182
454.94,285.4125,1,1.981999999999971
454.62,284.8875,1,1.9840000000000373
454.74,285.0375,1,1.98599999999999
454.53999999999996,285.45,1,1.9879999999999427
454.14,284.8125,1,1.990000000000009
454.26,284.85,1,1.9919999999999618
454.9,283.9875,1,1.9940000000000282
454.22,284.325,1,1.995999999999981
454.14,284.2875,1,1.9980000000000473
454.29999999999995,283.875,1,2.0
453.98,285.11249999999995,1,2.0019999999999527
453.94,283.725,1,2.004000000000019
454.1,284.175,1,2.005999999999972
454.06,284.55,1,2.008000000000038
454.02,283.9875,1,2.009999999999991
454.3,284.175,1,2.0119999999999436
453.74,283.76250000000005,1,2.01400000000001
453.53999999999996,284.25,1,2.0159999999999627
453.78,284.325,1,2.018000000000029
453.7,284.5125,1,2.019999999999982
453.38,284.7375,1,2.022000000000048
453.41999999999996,284.2125,1,2.024000000000001
453.34000000000003,284.8125,1,2.0259999999999536
453.06,284.8125,1,2.02800000000002
453.22,284.325,1,2.0299999999999727
453.62,284.32500000000005,1,2.032000000000039
453.26,284.4,1,2.033999999999992
452.9,284.32500000000005,1,2.0359999999999445
453.65999999999997,284.5125,1,2.038000000000011
453.62,284.8125,1,2.0399999999999636
453.26,285.3,1,2.04200000000003
454.02,284.73749999999995,1,2.0439999999999827
453.18,284.9625,1,2.046000000000049
453.26,284.925,1,2.048000000000002
453.58000000000004,284.73749999999995,1,2.0499999999999545
453.65999999999997,284.175,1,2.052000000000021
453.86,284.55,1,2.0539999999999736
453.58000000000004,284.025,1,2.05600000000004
453.82,284.6625,1,2.0579999999999927
454.1,284.8875,1,2.0599999999999454
454.14,284.54999999999995,1,2.062000000000012
454.18,284.4375,1,2.0639999999999645
454.1,284.7,1,2.066000000000031
454.06,284.625,1,2.0679999999999836
454.14,284.73749999999995,1,2.07000000000005
453.98,284.5875,1,2.0720000000000027
453.94,285.6375,1,2.0739999999999554
454.18,284.55,1,2.076000000000022
454.70000000000005,284.625,1,2.0779999999999745
454.34,284.9625,1,2.080000000000041
454.34000000000003,285.45000000000005,1,2.0819999999999936
454.70000000000005,284.8125,1,2.0839999999999463
454.62,284.88750000000005,1,2.0860000000000127
454.78,285.0,1,2.0879999999999654
455.1,285.11249999999995,1,2.090000000000032
455.14,285.375,1,2.0919999999999845
454.78,284.8125,1,2.094000000000051
455.02,285.075,1,2.0960000000000036
455.14,284.73749999999995,1,2.0979999999999563
455.18,284.6625,1,2.1000000000000227
455.38,284.775,1,2.1019999999999754
454.98,285.0375,1,2.104000000000042
455.34000000000003,283.9875,1,2.1059999999999945
455.53999999999996,284.6625,1,2.1079999999999472
454.94,284.85,1,2.1100000000000136
455.58000000000004,285.225,1,2.1119999999999663
455.41999999999996,285.2625,1,2.1140000000000327
455.82,285.0,1,2.1159999999999854
455.46,285.1125,1,2.118000000000052
455.7,284.7,1,2.1200000000000045
455.86,285.3,1,2.1219999999999573
455.74,284.9625,1,2.1240000000000236
455.5,285.45000000000005,1,2.1259999999999764
456.02,284.6625,1,2.1280000000000427
455.74,285.4875,1,2.1299999999999955
455.78,286.1625,1,2.131999999999948
455.82,285.26250000000005,1,2.1340000000000146
455.34000000000003,286.0875,1,2.1359999999999673
455.65999999999997,286.3125,1,2.1380000000000337
455.46000000000004,286.05,1,2.1399999999999864
455.53999999999996,286.3125,1,2.1420000000000528
455.62,285.975,1,2.1440000000000055
455.53999999999996,286.01250000000005,1,2.145999999999958
455.29999999999995,287.025,1,2.1480000000000246
455.22,286.3125,1,2.1499999999999773
455.86,285.7875,1,2.1520000000000437
455.9,285.8625,1,2.1539999999999964
455.26,286.35,1,2.155999999999949
455.7,286.275,1,2.1580000000000155
455.38,285.48749999999995,1,2.159999999999968
455.5,285.9375,1,2.1620000000000346
455.46,285.3,1,2.1639999999999873
455.29999999999995,285.75,1,2.1660000000000537
455.42,285.29999999999995,1,2.1680000000000064
455.26,284.8125,1,2.169999999999959
455.38,284.8125,1,2.1720000000000255
455.06,285.15,1,2.173999999999978
455.65999999999997,284.88750000000005,1,2.1760000000000446
455.3,284.625,1,2.1779999999999973
455.62,284.1375,1,2.17999999999995
455.22,285.2625,1,2.1820000000000164
454.78,284.4375,1,2.183999999999969
455.06,285.0,1,2.1860000000000355
454.3,284.54999999999995,1,2.187999999999988
454.94,283.8375,1,2.1900000000000546
454.7,284.2125,1,2.1920000000000073
454.42,283.9875,1,2.19399999999996
454.5,284.17499999999995,1,2.1960000000000264
454.74,284.475,1,2.197999999999979
454.38,284.4,1,2.2000000000000455
453.9,284.1,1,2.201999999999998
454.26,284.5125,1,2.203999999999951
453.7,284.55,1,2.2060000000000173
454.02,284.925,1,2.20799999999997
453.82,285.07500000000005,1,2.2100000000000364
454.1,284.925,1,2.211999999999989
454.41999999999996,284.925,1,2.213999999999942
454.22,284.9625,1,2.216000000000008
454.46000000000004,285.1875,1,2.217999999999961
454.42,284.8125,1,2.2200000000000273
454.5,285.15,1,2.22199999999998
454.9,285.2625,1,2.2240000000000464
454.94,285.225,1,2.225999999999999
454.7,285.48749999999995,1,2.227999999999952
455.3,285.1125,1,2.230000000000018
454.62,285.75,1,2.231999999999971
455.26,285.375,1,2.2340000000000373
454.94,285.1125,1,2.23599999999999
455.06,285.7125,1,2.2379999999999427
455.22,285.4125,1,2.240000000000009
455.22,285.1875,1,2.241999999999962
455.18,285.6,1,2.244000000000028
454.98,285.975,1,2.245999999999981
455.65999999999997,284.7375,1,2.2480000000000473
454.9,285.4875,1,2.25
454.26,286.275,1,2.2519999999999527
453.41999999999996,286.425,1,2.254000000000019
452.3,287.2125,1,2.255999999999972
451.38,286.6875,1,2.258000000000038
450.53999999999996,285.82500000000005,1,2.259999999999991
450.58000000000004,285.9375,1,2.2619999999999436
451.06,285.525,1,2.26400000000001
451.1,285.5625,1,2.2659999999999627
452.1,285.3,1,2.268000000000029
452.9,285.1875,1,2.269999999999982
453.70000000000005,285.07500000000005,1,2.272000000000048
454.22,284.775,1,2.274000000000001
454.3,285.075,1,2.2759999999999536
454.22,286.125,1,2.27800000000002
453.9,285.525,1,2.2799999999999727
453.53999999999996,285.525,1,2.282000000000039
453.66,286.04999999999995,1,2.283999999999992
453.34,285.86249999999995,1,2.2859999999999445
453.62,285.86249999999995,1,2.288000000000011
453.62,285.9,1,2.2899999999999636
453.34000000000003,286.38750000000005,1,2.29200000000003
453.18,286.5375,1,2.2939999999999827
453.02,286.8,1,2.296000000000049
453.74,286.275,1,2.298000000000002
453.38,286.7625,1,2.2999999999999545
453.41999999999996,286.725,1,2.302000000000021
453.34000000000003,286.275,1,2.3039999999999736
453.3,286.425,1,2.30600000000004
453.22,286.5375,1,2.3079999999999927
453.46000000000004,286.275,1,2.3099999999999454
453.34000000000003,286.38750000000005,1,2.312000000000012
453.58000000000004,286.1625,1,2.3139999999999645
453.5,286.3875,1,2.316000000000031
453.38,286.65,1,2.3179999999999836
453.7,285.4125,1,2.32000000000005
453.62,286.42499999999995,1,2.3220000000000027
453.82,286.725,1,2.3239999999999554
453.58000000000004,286.35,1,2.326000000000022
453.26,286.61249999999995,1,2.3279999999999745
453.14,286.875,1,2.330000000000041
453.41999999999996,287.025,1,2.3319999999999936
453.22,287.775,1,2.3339999999999463
452.9,287.475,1,2.3360000000000127
453.41999999999996,286.4625,1,2.3379999999999654
453.74,286.4625,1,2.340000000000032
453.82,286.725,1,2.3419999999999845
453.78,285.8625,1,2.344000000000051
453.58,286.1625,1,2.3460000000000036
453.46000000000004,286.05,1,2.3479999999999563
453.1,286.0875,1,2.3500000000000227
453.34,286.65,1,2.3519999999999754
452.98,287.92499999999995,1,2.354000000000042
453.82000000000005,286.8,1,2.3559999999999945
453.62,286.875,1,2.3579999999999472
453.7,286.3125,1,2.3600000000000136
453.54,286.6125,1,2.3619999999999663
453.18,287.0625,1,2.3640000000000327
453.9,287.13750000000005,1,2.3659999999999854
453.5,287.25,1,2.368000000000052
453.74,287.625,1,2.3700000000000045
453.62,287.7375,1,2.3719999999999573
453.62,287.8875,1,2.3740000000000236
453.74,287.55,1,2.3759999999999764
453.5,287.2875,1,2.3780000000000427
453.3,287.475,1,2.3799999999999955
453.46000000000004,287.5125,1,2.381999999999948
453.41999999999996,287.925,1,2.3840000000000146
453.34000000000003,287.5125,1,2.3859999999999673
453.38,287.5125,1,2.3880000000000337
453.58000000000004,288.07500000000005,1,2.3899999999999864
453.14,287.88750000000005,1,2.3920000000000528
453.06,288.15,1,2.3940000000000055
453.3,288.15,1,2.395999999999958
453.1,287.7375,1,2.3980000000000246
453.58,287.8125,1,2.3999999999999773
453.5,287.73749999999995,1,2.4020000000000437
453.5,287.1375,1,2.4039999999999964
453.06,288.11249999999995,1,2.405999999999949
453.34,287.2125,1,2.4080000000000155
453.06,287.775,1,2.409999999999968
453.06,288.0375,1,2.4120000000000346
453.06,288.1125,1,2.4139999999999873
453.46000000000004,287.4,1,2.4160000000000537
453.26,288.225,1,2.4180000000000064
453.3,288.07500000000005,1,2.419999999999959
453.22,288.2625,1,2.4220000000000255
453.1,287.4375,1,2.423999999999978
453.14,288.0,1,2.4260000000000446
453.46000000000004,288.0,1,2.4279999999999973
452.58000000000004,288.26250000000005,1,2.42999999999995
452.86,287.625,1,2.4320000000000164
453.29999999999995,288.7125,1,2.433999999999969
452.98,288.26250000000005,1,2.4360000000000355
453.06,288.4875,1,2.437999999999988
453.62,288.15,1,2.4400000000000546
453.29999999999995,288.15,1,2.4420000000000073
453.22,287.925,1,2.44399999999996
453.29999999999995,288.0,1,2.4460000000000264
453.14,288.525,1,2.447999999999979
453.46000000000004,287.9625,1,2.4500000000000455
453.22,287.92499999999995,1,2.451999999999998
453.14,288.375,1,2.453999999999951
453.1,288.26250000000005,1,2.4560000000000173
453.5,287.92499999999995,1,2.45799999999997
453.98,287.775,1,2.4600000000000364
453.38,288.3375,1,2.461999999999989
453.58000000000004,288.0375,1,2.463999999999942
453.78,287.5875,1,2.466000000000008
453.62,288.225,1,2.467999999999961
453.58000000000004,288.48749999999995,1,2.4700000000000273
453.41999999999996,287.6625,1,2.47199999999998
453.46,288.225,1,2.4740000000000464
453.5,287.6625,1,2.475999999999999
453.9,288.0,1,2.477999999999952
453.78,287.4,1,2.480000000000018
453.65999999999997,288.0375,1,2.481999999999971
453.5,288.1875,1,2.4840000000000373
454.02,287.2875,1,2.48599999999999
453.42,288.4875,1,2.4879999999999427
453.78,288.29999999999995,1,2.490000000000009
453.86,287.85,1,2.491999999999962
454.14,288.2625,1,2.494000000000028
454.58,287.70000000000005,1,2.495999999999981
454.3,287.55,1,2.4980000000000473
453.94,287.88750000000005,1,2.5
454.14,287.70000000000005,1,2.5019999999999527
453.62,288.3375,1,2.504000000000019
454.05999999999995,288.225,1,2.505999999999972
453.94,287.85,1,2.508000000000038
453.46000000000004,288.675,1,2.509999999999991
453.94,287.92499999999995,1,2.5119999999999436
453.5,288.4125,1,2.51400000000001
453.98,288.0,1,2.5159999999999627
453.98,288.26250000000005,1,2.518000000000029
453.62,287.8125,1,2.519999999999982
453.94,288.1125,1,2.522000000000048
454.02,288.2625,1,2.524000000000001
454.14,289.2375,1,2.5259999999999536
454.18,288.6,1,2.52800000000002
453.9,288.4125,1,2.5299999999999727
454.02,288.45000000000005,1,2.532000000000039
453.74,289.3125,1,2.533999999999992
453.98,288.6,1,2.5359999999999445
454.41999999999996,288.9,1,2.538000000000011
454.38,289.35,1,2.5399999999999636
453.98,289.1625,1,2.54200000000003
454.14,289.04999999999995,1,2.5439999999999827
454.06,288.8625,1,2.546000000000049
454.14,288.82500000000005,1,2.548000000000002
454.22,289.0125,1,2.5499999999999545
453.86,289.23749999999995,1,2.552000000000021
454.18,289.5,1,2.5539999999999736
454.34000000000003,289.04999999999995,1,2.55600000000004
454.46,288.675,1,2.5579999999999927
454.14,289.425,1,2.5599999999999454
453.65999999999997,289.8375,1,2.562000000000012
454.46,289.35,1,2.5639999999999645
453.82,288.9,1,2.566000000000031
454.02,289.0875,1,2.5679999999999836
454.38,289.875,1,2.57000000000005
454.06,289.125,1,2.5720000000000027
454.3,289.38750000000005,1,2.5739999999999554
454.14,289.20000000000005,1,2.576000000000022
453.82,289.3125,1,2.5779999999999745
453.65999999999997,289.275,1,2.580000000000041
454.14,289.3875,1,2.5819999999999936
454.06,288.6,1,2.5839999999999463
454.1,289.35,1,2.5860000000000127
454.26,289.65,1,2.5879999999999654
454.02,289.9125,1,2.590000000000032
453.94,288.975,1,2.5919999999999845
453.94,289.05,1,2.594000000000051
454.1,288.9375,1,2.5960000000000036
454.06,289.05,1,2.5979999999999563
454.26,288.825,1,2.6000000000000227
454.38,288.75,1,2.6019999999999754
453.98,289.23749999999995,1,2.604000000000042
453.82,288.9375,1,2.6059999999999945
453.78,288.75,1,2.6079999999999472
453.62,289.1625,1,2.6100000000000136
453.65999999999997,288.525,1,2.6119999999999663
454.22,289.125,1,2.6140000000000327
454.26,289.125,1,2.6159999999999854
453.74,288.9375,1,2.618000000000052
453.98,289.05,1,2.6200000000000045
453.70000000000005,288.9,1,2.6219999999999573
453.38,288.63750000000005,1,2.6240000000000236
453.86,289.2,1,2.6259999999999764
453.26,288.975,1,2.6280000000000427
453.53999999999996,289.125,1,2.6299999999999955
453.65999999999997,288.6,1,2.631999999999948
453.34000000000003,288.4875,1,2.6340000000000146
453.29999999999995,288.86249999999995,1,2.6359999999999673
453.26,289.5,1,2.6380000000000337
453.14,289.38750000000005,1,2.6399999999999864
453.02,290.2125,1,2.6420000000000528
453.22,289.35,1,2.6440000000000055
453.18,289.4625,1,2.645999999999958
453.18,289.38750000000005,1,2.6480000000000246
453.7,290.3625,1,2.6499999999999773
452.9,289.5375,1,2.6520000000000437
453.46,289.3875,1,2.6539999999999964
453.26,289.2375,1,2.655999999999949
452.94,289.9125,1,2.6580000000000155
453.62,290.55,1,2.659999999999968
453.34000000000003,290.54999999999995,1,2.6620000000000346
453.7,289.425,1,2.6639999999999873
454.02,289.425,1,2.6660000000000537
453.34000000000003,289.575,1,2.6680000000000064
453.7,289.6125,1,2.669999999999959
453.98,290.1,1,2.6720000000000255
453.53999999999996,289.3875,1,2.673999999999978
453.9,289.5375,1,2.6760000000000446
453.94,289.95,1,2.6779999999999973
453.58000000000004,289.575,1,2.67999999999995
453.94,289.275,1,2.6820000000000164
454.22,289.1625,1,2.683999999999969
453.98,288.9375,1,2.6860000000000355
454.22,289.23749999999995,1,2.687999999999988
454.41999999999996,289.3125,1,2.6900000000000546
454.38,288.525,1,2.6920000000000073
454.38,288.8625,1,2.69399999999996
454.3,288.86249999999995,1,2.6960000000000264
454.65999999999997,289.1625,1,2.697999999999979
454.86,288.4875,1,2.7000000000000455
454.82000000000005,288.75,1,2.701999999999998
454.94,289.1625,1,2.703999999999951
455.02,288.9,1,2.7060000000000173
455.06,287.8125,1,2.70799999999997
454.78,288.675,1,2.7100000000000364
455.3,288.7125,1,2.711999999999989
454.9,288.375,1,2.713999999999942
454.94,288.075,1,2.716000000000008
455.34000000000003,288.975,1,2.717999999999961
454.98,288.9,1,2.7200000000000273
455.41999999999996,289.2,1,2.72199999999998
455.26,289.4625,1,2.7240000000000464
454.98,289.61249999999995,1,2.725999999999999
455.1,289.275,1,2.727999999999952
454.9,289.01250000000005,1,2.730000000000018
454.5,290.36249999999995,1,2.731999999999971
454.74,290.7,1,2.7340000000000373
455.18,290.4,1,2.73599999999999
454.74,291.0,1,2.7379999999999427
455.18,290.5125,1,2.740000000000009
455.1,290.4,1,2.741999999999962
454.65999999999997,291.1125,1,2.744000000000028
455.58,291.3,1,2.745999999999981
455.3,290.4375,1,2.7480000000000473
455.65999999999997,291.45,1,2.75
455.58,290.55,1,2.7519999999999527
455.82,291.375,1,2.754000000000019
456.02,291.1875,1,2.755999999999972
455.74,291.1875,1,2.758000000000038
456.1,290.6625,1,2.759999999999991
456.38,290.7375,1,2.7619999999999436
456.14,291.5625,1,2.76400000000001
456.22,291.26250000000005,1,2.7659999999999627
456.17999999999995,291.45,1,2.768000000000029
455.98,291.225,1,2.769999999999982
456.34000000000003,291.075,1,2.772000000000048
456.65999999999997,291.0,1,2.774000000000001
455.94,290.9625,1,2.7759999999999536
455.94,290.85,1,2.77800000000002
455.82000000000005,290.4375,1,2.7799999999999727
455.14,290.6625,1,2.782000000000039
455.41999999999996,290.2125,1,2.783999999999992
455.06,290.13750000000005,1,2.7859999999999445
454.46,289.875,1,2.788000000000011
455.38,289.7625,1,2.7899999999999636
454.94,290.32500000000005,1,2.79200000000003
454.14,290.475,1,2.7939999999999827
454.53999999999996,289.5,1,2.796000000000049
454.5,290.2875,1,2.798000000000002
454.29999999999995,289.8,1,2.7999999999999545
454.34000000000003,289.725,1,2.802000000000021
454.22,289.57500000000005,1,2.8039999999999736
453.94000000000005,290.1375,1,2.80600000000004
453.74,289.9125,1,2.8079999999999927
453.42,290.85,1,2.8099999999999454
453.82,289.725,1,2.812000000000012
453.62,290.4,1,2.8139999999999645
453.82,289.98749999999995,1,2.816000000000031
453.38,290.325,1,2.8179999999999836
453.53999999999996,290.2875,1,2.82000000000005
453.3,290.325,1,2.8220000000000027
453.41999999999996,290.36249999999995,1,2.8239999999999554
453.26,289.95,1,2.826000000000022
453.65999999999997,290.5125,1,2.8279999999999745
453.1,289.9125,1,2.830000000000041
453.46,289.9125,1,2.8319999999999936
453.26,289.7625,1,2.8339999999999463
453.14,289.4625,1,2.8360000000000127
453.53999999999996,290.025,1,2.8379999999999654
453.5,289.9125,1,2.840000000000032
453.65999999999997,290.0625,1,2.8419999999999845
453.62,289.725,1,2.844000000000051
454.02,289.9125,1,2.8460000000000036
453.9,289.875,1,2.8479999999999563
454.02,290.025,1,2.8500000000000227
453.94,289.575,1,2.8519999999999754
454.34000000000003,289.9125,1,2.854000000000042
454.22,289.65,1,2.8559999999999945
454.65999999999997,289.95,1,2.8579999999999472
454.41999999999996,289.875,1,2.8600000000000136
454.26,289.725,1,2.8619999999999663
455.06,290.175,1,2.8640000000000327
454.78,290.1,1,2.8659999999999854
455.06,289.5375,1,2.868000000000052
454.66,290.175,1,2.8700000000000045
454.94,290.51250000000005,1,2.8719999999999573
455.06,290.55,1,2.8740000000000236
455.26,290.5875,1,2.8759999999999764
454.9,290.7375,1,2.8780000000000427
455.7,290.2125,1,2.8799999999999955
455.5,290.475,1,2.881999999999948
455.22,290.7375,1,2.8840000000000146
455.7,291.1125,1,2.8859999999999673
455.53999999999996,291.0375,1,2.8880000000000337
455.14,291.3375,1,2.8899999999999864
455.38,290.925,1,2.8920000000000528
455.22,290.7375,1,2.8940000000000055
455.70000000000005,291.0375,1,2.895999999999958
455.65999999999997,290.73749999999995,1,2.8980000000000246
455.41999999999996,291.11249999999995,1,2.8999999999999773
455.62,291.4875,1,2.9020000000000437
455.62,291.075,1,2.9039999999999964
455.62,291.075,1,2.905999999999949
455.86,291.0375,1,2.9080000000000155
455.78,291.5625,1,2.909999999999968
455.82,292.05,1,2.9120000000000346
455.78,291.6,1,2.9139999999999873
456.05999999999995,291.975,1,2.9160000000000537
455.5,292.125,1,2.9180000000000064
455.94,292.1625,1,2.919999999999959
455.82,292.6875,1,2.9220000000000255
455.9,292.2375,1,2.923999999999978
455.9,291.975,1,2.9260000000000446
455.98,292.575,1,2.9279999999999973
455.62,292.4625,1,2.92999999999995
455.74,292.2375,1,2.9320000000000164
456.18,292.3875,1,2.933999999999969
455.38,292.8375,1,2.9360000000000355
455.94,292.35,1,2.937999999999988
455.74,292.4625,1,2.9400000000000546
455.62,292.5,1,2.9420000000000073
455.53999999999996,291.975,1,2.94399999999996
456.26,292.2375,1,2.9460000000000264
456.14,292.3875,1,2.947999999999979
455.22,292.23749999999995,1,2.9500000000000455
456.14,291.4125,1,2.951999999999998
456.1,291.75,1,2.953999999999951
455.86,292.05,1,2.9560000000000173
455.78,291.4875,1,2.95799999999997
455.86,291.6,1,2.9600000000000364
455.62,291.3375,1,2.961999999999989
455.86,291.29999999999995,1,2.963999999999942
455.78,291.45,1,2.966000000000008
455.58000000000004,291.07500000000005,1,2.967999999999961
455.46000000000004,290.9625,1,2.9700000000000273
455.62,290.92499999999995,1,2.97199999999998
455.34,291.225,1,2.9740000000000464
455.62,291.6375,1,2.975999999999999
455.42,291.07500000000005,1,2.977999999999952
454.94,290.4,1,2.980000000000018
454.94,290.4375,1,2.981999999999971
455.22,290.625,1,2.9840000000000373
454.7,290.73749999999995,1,2.98599999999999
454.38,290.54999999999995,1,2.9879999999999427
